definicao,pos_brl_total_mil,pos_usd_media_mil,n_gestora_mes,n_pos_negativa,peso_mediano,peso_max
direta,468277060.262056,38995.9633267524,2835,0,0.008192297717364,0.209621242579244
long,540131295.287325,45144.9631075513,2835,0,0.00962255148075142,0.209621278689498
net,496526635.630214,41358.5136095939,2835,264,0.00842616307975629,0.20961778545553
