definicao,pos_brl_total_mil,pos_usd_media_mil,n_gestora_mes,n_pos_negativa,peso_mediano,peso_max
direta,468256668.330772,38994.0962745164,2835,0,0.008192297717364,0.209621242579244
long,540105280.015185,45142.5485348898,2835,0,0.00962255148075142,0.209621278689498
net,496505758.401053,41356.5793634573,2835,264,0.00842616307975629,0.20961778545553
