model,RMSE,skill_pct
AR1_painel,39563.2042689329,3.3
REDE_painel,39647.4738549793,3.1
RW,40927.6921536419,0
