model,RMSE,skill_pct
AR1_painel,39562.9173472939,3.3
REDE_painel,39647.2060336784,3.1
RW,40926.9659402699,0
