model,RMSE,MAE,skill_vs_RW_pct,dm_p
RW,41105.1175575411,14347.2607520997,0,
AR,41536.4012733664,15256.7194869512,-1,0.800740770611432
Media,41630.3807235184,14536.5206570941,-1.3,0.0819106578146787
PCA,46890.9439429673,17644.2171715354,-14.1,0.155399592718657
