model,N,RMSE,MAE,dir_hit,dir_n,dir_success,skill_RMSE,skill_MAE,p_loss,p_direction,escala
RW,1295,5420448.6696795,2021604.41825794,,0,0,0,0,,,delta_qtd_itub4
AR,1295,5488056.11071376,2121440.65138307,50.4,1125,567,-1.24726651157927,-4.93846532108226,0.72847838778933,0.811495461629219,delta_qtd_itub4
AR_encolhido,1295,5388765.62649,2039027.41975203,50.4,1125,567,0.584509606496719,-0.861840295595484,0.752130406370075,0.811495461629219,delta_qtd_itub4
PCA1,1295,6291863.90207639,2283674.03435788,50.0444444444445,1125,563,-16.0764410014865,-12.9634469401175,0.301439236514898,1,delta_qtd_itub4
PCA2,1295,6046379.08141881,2473907.91965191,50.4,1125,567,-11.5475756691616,-22.3734919309156,0.163825193918163,0.811495461629219,delta_qtd_itub4
PCA3,1295,6189541.09020498,2543940.30354061,50.4,1125,567,-14.1887225097724,-25.8376901319189,0.118789818922639,0.811495461629219,delta_qtd_itub4
