h,model,N,RMSE,rmse_rw,skill_pct,p_loss,target
1,RW,1332,5356160.34687277,5356160.34687277,0,,qtd_itub4
1,AR_indiv,1332,5166811.52045228,5356160.34687277,3.53515978159705,0.6269918492056,qtd_itub4
1,AR1_painel,1332,5371216.3309592,5356160.34687277,-0.281096589933494,0.88459869881463,qtd_itub4
3,RW,1258,7426665.90195964,7426665.90195964,0,,qtd_itub4
3,AR_indiv,1258,7622568.74841686,7426665.90195964,-2.63783034060447,0.642136971216856,qtd_itub4
3,AR1_painel,1258,7542264.66927859,7426665.90195964,-1.55653652453176,0.689591694661114,qtd_itub4
6,RW,1147,8557750.59499121,8557750.59499121,0,,qtd_itub4
6,AR_indiv,1147,9745375.30481949,8557750.59499121,-13.8777672549069,0.0671070526093071,qtd_itub4
6,AR1_painel,1147,9508056.5852243,8557750.59499121,-11.1046235770098,0.0787664200595878,qtd_itub4
