model,N,RMSE,MAE,dir_hit,dir_n,dir_success,skill_RMSE,skill_MAE,p_loss,p_direction,escala
RW,1295,41104.3518794586,14347.0042826052,,0,0,0,0,,,delta_pos_usd_mil
AR,1295,41535.8151310809,15256.6006274125,47.8222222222222,1125,538,-1.04967778810299,-6.33997402447371,0.800663589471945,0.152374461575998,delta_pos_usd_mil
AR_encolhido,1295,40704.2356328829,14605.7807998169,47.8222222222222,1125,538,0.973415777845332,-1.80369721869764,0.649248931652589,0.152374461575998,delta_pos_usd_mil
PCA1,1295,42259.5161525152,15581.3953794142,48.1777777777778,1125,542,-2.81032109798061,-8.60382469046659,0.0458099166195024,0.233023399365275,delta_pos_usd_mil
PCA2,1295,46412.146450546,16739.9990492567,49.6,1125,558,-12.9129747299091,-16.6794037243923,0.267409428101791,0.811495461629219,delta_pos_usd_mil
PCA3,1295,46890.2173594434,17643.9216003132,50.8444444444445,1125,572,-14.0760411378149,-22.9798308606163,0.155379656472123,0.591524627225188,delta_pos_usd_mil
