h,model,N,RMSE,rmse_rw,skill_pct,p_loss,target
1,RW,1332,40926.9659402699,40926.9659402699,0,,pos_usd_mil
1,AR_indiv,1332,36830.4854290125,40926.9659402699,10.0092455356595,0.231487406376376,pos_usd_mil
1,AR1_painel,1332,39562.9173472939,40926.9659402699,3.33288471705112,0.299950778953291,pos_usd_mil
3,RW,1258,53693.7827500516,53693.7827500516,0,,pos_usd_mil
3,AR_indiv,1258,48208.498940307,53693.7827500516,10.2158639768015,0.186377714050796,pos_usd_mil
3,AR1_painel,1258,49517.2543722997,53693.7827500516,7.77842082237703,0.19821303276059,pos_usd_mil
6,RW,1147,62694.5787421338,62694.5787421338,0,,pos_usd_mil
6,AR_indiv,1147,58238.2886158564,62694.5787421338,7.10793535212423,0.460566775880706,pos_usd_mil
6,AR1_painel,1147,57042.8944923845,62694.5787421338,9.01462991400742,0.297922043867117,pos_usd_mil
